epoch,time,train/box_loss,train/seg_loss,train/cls_loss,train/dfl_loss,train/sem_loss,metrics/precision(B),metrics/recall(B),metrics/mAP50(B),metrics/mAP50-95(B),metrics/precision(M),metrics/recall(M),metrics/mAP50(M),metrics/mAP50-95(M),val/box_loss,val/seg_loss,val/cls_loss,val/dfl_loss,val/sem_loss,lr/pg0,lr/pg1,lr/pg2,lr/pg3,lr/pg4,lr/pg5,lr/pg6,lr/pg7
1,574.106,2.21129,3.88039,3.32429,1.72315,0,0.18807,0.14558,0.08261,0.03168,0.14839,0.10594,0.04959,0.01366,2.24322,3.72085,2.80014,1.77523,0,0.009996,0.003332,0.009996,0.003332,0.009996,0.003332,0.009996,0.003332
2,1093.35,2.2198,3.77123,2.88088,1.71457,0,0.17844,0.12215,0.07139,0.02593,0.14019,0.08262,0.04032,0.01071,2.29305,3.74171,2.84437,1.81018,0,0.019798,0.00659935,0.019798,0.00659935,0.019798,0.00659935,0.019798,0.00659935
3,1575.28,2.26012,3.81226,2.90494,1.7609,0,0.16405,0.13219,0.06832,0.02676,0.13651,0.09223,0.04072,0.01122,2.26449,3.74696,2.89004,1.82208,0,0.0294021,0.00980069,0.0294021,0.00980069,0.0294021,0.00980069,0.0294021,0.00980069
4,2046.84,2.24801,3.77745,2.86607,1.7589,0,0.23056,0.16832,0.10629,0.04077,0.18799,0.12004,0.06437,0.01714,2.19254,3.59773,2.66448,1.76352,0,0.029109,0.009703,0.029109,0.009703,0.029109,0.009703,0.029109,0.009703
5,2516.11,2.1749,3.69072,2.73929,1.70653,0,0.26161,0.17625,0.12542,0.05148,0.21106,0.13248,0.08204,0.024,2.10368,3.49899,2.57604,1.7184,0,0.028812,0.009604,0.028812,0.009604,0.028812,0.009604,0.028812,0.009604
6,2986.82,2.12592,3.62715,2.65219,1.66893,0,0.26363,0.19002,0.13939,0.05771,0.22172,0.14651,0.09308,0.02768,2.09118,3.45678,2.52893,1.68814,0,0.028515,0.009505,0.028515,0.009505,0.028515,0.009505,0.028515,0.009505
7,3455.86,2.10166,3.59889,2.61025,1.64495,0,0.29312,0.19577,0.15021,0.06336,0.2447,0.15461,0.10027,0.03004,2.04864,3.42733,2.47047,1.64283,0,0.028218,0.009406,0.028218,0.009406,0.028218,0.009406,0.028218,0.009406
8,3926.14,2.07562,3.56431,2.56182,1.62547,0,0.2977,0.21565,0.16348,0.07025,0.25012,0.16992,0.11132,0.03358,2.02296,3.3773,2.41312,1.63363,0,0.027921,0.009307,0.027921,0.009307,0.027921,0.009307,0.027921,0.009307
9,4397.49,2.06028,3.53409,2.5322,1.61188,0,0.29797,0.21813,0.17048,0.07391,0.25483,0.1704,0.11837,0.03689,2.00098,3.34948,2.38807,1.60715,0,0.027624,0.009208,0.027624,0.009208,0.027624,0.009208,0.027624,0.009208
10,4867.79,2.04177,3.51446,2.50467,1.59661,0,0.31592,0.22913,0.18167,0.07997,0.27041,0.18409,0.12675,0.03946,1.97947,3.32504,2.35664,1.59472,0,0.027327,0.009109,0.027327,0.009109,0.027327,0.009109,0.027327,0.009109
11,5338.51,2.03326,3.50401,2.48381,1.58858,0,0.32282,0.23403,0.18864,0.08368,0.28202,0.18893,0.13571,0.0424,1.9656,3.3007,2.3207,1.58521,0,0.02703,0.00901,0.02703,0.00901,0.02703,0.00901,0.02703,0.00901
12,5808.81,2.0243,3.49024,2.46184,1.5819,0,0.32955,0.23731,0.1926,0.08668,0.27977,0.18738,0.13673,0.04281,1.95005,3.29013,2.30131,1.56745,0,0.026733,0.008911,0.026733,0.008911,0.026733,0.008911,0.026733,0.008911
13,6279.54,2.01221,3.47547,2.44209,1.56797,0,0.33043,0.2481,0.19783,0.08899,0.29098,0.19647,0.14133,0.04462,1.94074,3.2716,2.28349,1.561,0,0.026436,0.008812,0.026436,0.008812,0.026436,0.008812,0.026436,0.008812
14,6739.71,2.00451,3.45634,2.43491,1.5686,0,0.34007,0.24776,0.20515,0.093,0.29045,0.20354,0.14865,0.04772,1.92524,3.25903,2.26841,1.54889,0,0.026139,0.008713,0.026139,0.008713,0.026139,0.008713,0.026139,0.008713
15,7209.23,2.00093,3.45437,2.41502,1.56054,0,0.33357,0.24965,0.20593,0.09401,0.29323,0.20165,0.14895,0.04745,1.92058,3.24866,2.25481,1.54328,0,0.025842,0.008614,0.025842,0.008614,0.025842,0.008614,0.025842,0.008614
16,7679.74,1.99179,3.43548,2.40423,1.55131,0,0.34454,0.25826,0.2123,0.09723,0.29604,0.21074,0.15318,0.04885,1.91241,3.23446,2.23869,1.53607,0,0.025545,0.008515,0.025545,0.008515,0.025545,0.008515,0.025545,0.008515
17,8152.59,1.98399,3.43705,2.39516,1.549,0,0.35253,0.25315,0.21392,0.09815,0.30953,0.20467,0.15525,0.04978,1.90631,3.22915,2.23161,1.53514,0,0.025248,0.008416,0.025248,0.008416,0.025248,0.008416,0.025248,0.008416
18,8623.44,1.97905,3.42407,2.38458,1.54503,0,0.34918,0.25883,0.21611,0.099,0.31052,0.2072,0.15769,0.05011,1.89868,3.22244,2.22223,1.52985,0,0.024951,0.008317,0.024951,0.008317,0.024951,0.008317,0.024951,0.008317
19,9092.83,1.97165,3.41359,2.37002,1.53791,0,0.34592,0.26156,0.21755,0.10051,0.30836,0.20931,0.16052,0.05116,1.89689,3.21401,2.21565,1.52588,0,0.024654,0.008218,0.024654,0.008218,0.024654,0.008218,0.024654,0.008218
20,9562.65,1.96669,3.41593,2.36302,1.53169,0,0.34955,0.25959,0.22004,0.10134,0.3076,0.21141,0.16016,0.0515,1.8917,3.20737,2.20666,1.51926,0,0.024357,0.008119,0.024357,0.008119,0.024357,0.008119,0.024357,0.008119
21,10032,1.96769,3.406,2.35019,1.52922,0,0.3564,0.26151,0.22254,0.10258,0.3105,0.21511,0.16248,0.05247,1.88952,3.20297,2.1977,1.51661,0,0.02406,0.00802,0.02406,0.00802,0.02406,0.00802,0.02406,0.00802
22,10501,1.96392,3.39467,2.34815,1.52813,0,0.35848,0.26365,0.2255,0.10381,0.31633,0.21541,0.16501,0.05319,1.88762,3.19846,2.19117,1.51592,0,0.023763,0.007921,0.023763,0.007921,0.023763,0.007921,0.023763,0.007921
23,10971.4,1.95252,3.38649,2.33081,1.52275,0,0.36058,0.26478,0.22643,0.10462,0.31712,0.21795,0.16652,0.05378,1.88429,3.19567,2.18505,1.51363,0,0.023466,0.007822,0.023466,0.007822,0.023466,0.007822,0.023466,0.007822
24,11441.8,1.95442,3.38839,2.32925,1.52032,0,0.35969,0.26301,0.22686,0.10503,0.31822,0.21733,0.1667,0.05386,1.88006,3.19105,2.18145,1.50993,0,0.023169,0.007723,0.023169,0.007723,0.023169,0.007723,0.023169,0.007723
25,11913.1,1.94723,3.37876,2.31515,1.5129,0,0.36056,0.26413,0.22707,0.10515,0.31939,0.2177,0.16734,0.05389,1.87748,3.18877,2.17769,1.50768,0,0.022872,0.007624,0.022872,0.007624,0.022872,0.007624,0.022872,0.007624
26,12383.6,1.94021,3.37154,2.31177,1.51384,0,0.36184,0.26466,0.22892,0.10613,0.32141,0.21825,0.16935,0.05449,1.87483,3.1849,2.17349,1.50569,0,0.022575,0.007525,0.022575,0.007525,0.022575,0.007525,0.022575,0.007525
27,12854.8,1.93809,3.36176,2.30356,1.50799,0,0.36379,0.26702,0.2305,0.10678,0.32366,0.21875,0.17103,0.05471,1.87259,3.18236,2.17126,1.50404,0,0.022278,0.007426,0.022278,0.007426,0.022278,0.007426,0.022278,0.007426
28,13326.3,1.93646,3.36173,2.298,1.50995,0,0.36269,0.2695,0.23172,0.10759,0.32269,0.22046,0.1718,0.05509,1.87148,3.18072,2.16725,1.50371,0,0.021981,0.007327,0.021981,0.007327,0.021981,0.007327,0.021981,0.007327
29,13796.8,1.93144,3.36167,2.29246,1.50591,0,0.36702,0.26981,0.23274,0.10824,0.3215,0.22154,0.17208,0.05547,1.86912,3.17802,2.16293,1.502,0,0.021684,0.007228,0.021684,0.007228,0.021684,0.007228,0.021684,0.007228
30,14268.4,1.93694,3.35713,2.28954,1.50195,0,0.36577,0.27257,0.23412,0.10885,0.32154,0.22322,0.17313,0.05577,1.8666,3.17651,2.16,1.49981,0,0.021387,0.007129,0.021387,0.007129,0.021387,0.007129,0.021387,0.007129
31,14772.3,1.92661,3.34703,2.27338,1.49863,0,0.36898,0.27167,0.23513,0.10921,0.32314,0.2234,0.17383,0.05606,1.86426,3.17438,2.1572,1.49863,0,0.02109,0.00703,0.02109,0.00703,0.02109,0.00703,0.02109,0.00703
32,15307.6,1.92278,3.34373,2.26927,1.49716,0,0.36901,0.27205,0.23573,0.10968,0.32404,0.22477,0.17463,0.05651,1.86271,3.17283,2.15553,1.49757,0,0.020793,0.006931,0.020793,0.006931,0.020793,0.006931,0.020793,0.006931
33,15787.5,1.92551,3.34315,2.27072,1.49671,0,0.37205,0.26976,0.23619,0.11004,0.32489,0.22541,0.17489,0.05659,1.86157,3.17146,2.15357,1.49647,0,0.020496,0.006832,0.020496,0.006832,0.020496,0.006832,0.020496,0.006832
34,16268.4,1.92353,3.34156,2.26845,1.49413,0,0.37515,0.27086,0.23705,0.11036,0.32645,0.22448,0.17489,0.05679,1.85969,3.17006,2.15115,1.49492,0,0.020199,0.006733,0.020199,0.006733,0.020199,0.006733,0.020199,0.006733
35,16747.1,1.91332,3.32666,2.26088,1.49127,0,0.37411,0.27275,0.23761,0.11057,0.32605,0.22565,0.17569,0.05723,1.85822,3.16865,2.14923,1.49363,0,0.019902,0.006634,0.019902,0.006634,0.019902,0.006634,0.019902,0.006634
36,17225.3,1.91348,3.33234,2.25185,1.48678,0,0.3749,0.27302,0.23823,0.11095,0.32751,0.22508,0.17619,0.05716,1.85673,3.16735,2.14734,1.49241,0,0.019605,0.006535,0.019605,0.006535,0.019605,0.006535,0.019605,0.006535
37,17740.3,1.91014,3.31455,2.24396,1.48576,0,0.37267,0.27455,0.23877,0.11121,0.32573,0.2278,0.17737,0.05756,1.85551,3.16612,2.14526,1.49121,0,0.019308,0.006436,0.019308,0.006436,0.019308,0.006436,0.019308,0.006436
38,18294.9,1.90779,3.32314,2.23961,1.4817,0,0.37539,0.2738,0.23975,0.11173,0.32722,0.2289,0.17784,0.05782,1.85415,3.16435,2.14299,1.48973,0,0.019011,0.006337,0.019011,0.006337,0.019011,0.006337,0.019011,0.006337
39,18967.2,1.90586,3.31683,2.23659,1.48187,0,0.37585,0.2738,0.24023,0.11206,0.3322,0.22773,0.17872,0.05811,1.8526,3.16304,2.14047,1.48843,0,0.018714,0.006238,0.018714,0.006238,0.018714,0.006238,0.018714,0.006238
40,19602.5,1.90218,3.30845,2.23021,1.47655,0,0.37683,0.27423,0.24098,0.11265,0.33346,0.22869,0.17948,0.05843,1.85109,3.16093,2.13809,1.48678,0,0.018417,0.006139,0.018417,0.006139,0.018417,0.006139,0.018417,0.006139
41,20110.2,1.89734,3.30615,2.22023,1.47489,0,0.37448,0.27632,0.24062,0.11274,0.33263,0.23076,0.18043,0.05872,1.84972,3.15945,2.13614,1.48541,0,0.01812,0.00604,0.01812,0.00604,0.01812,0.00604,0.01812,0.00604
42,20675.2,1.8987,3.3037,2.22228,1.47209,0,0.37655,0.27638,0.24147,0.11324,0.33567,0.23195,0.18108,0.05892,1.84807,3.1579,2.13374,1.48403,0,0.017823,0.005941,0.017823,0.005941,0.017823,0.005941,0.017823,0.005941
43,21347.8,1.89521,3.29463,2.21697,1.46967,0,0.37723,0.27677,0.24248,0.11365,0.33952,0.22959,0.18152,0.05919,1.84643,3.15751,2.13216,1.48238,0,0.017526,0.005842,0.017526,0.005842,0.017526,0.005842,0.017526,0.005842
44,22009.1,1.889,3.29581,2.20639,1.46667,0,0.3801,0.2769,0.24288,0.1141,0.33662,0.2305,0.1815,0.05938,1.84514,3.15608,2.13036,1.48114,0,0.017229,0.005743,0.017229,0.005743,0.017229,0.005743,0.017229,0.005743
45,22672.5,1.88822,3.29171,2.20457,1.46473,0,0.37971,0.27715,0.24383,0.11466,0.33601,0.23014,0.18218,0.05953,1.84357,3.15427,2.1283,1.47978,0,0.016932,0.005644,0.016932,0.005644,0.016932,0.005644,0.016932,0.005644
46,23347.5,1.88655,3.28595,2.20062,1.46235,0,0.38137,0.27723,0.24417,0.11494,0.33566,0.23086,0.18271,0.05965,1.84258,3.1533,2.12663,1.47833,0,0.016635,0.005545,0.016635,0.005545,0.016635,0.005545,0.016635,0.005545
47,24018.4,1.88138,3.28383,2.19389,1.46395,0,0.38192,0.279,0.24556,0.11535,0.33454,0.23175,0.1826,0.05987,1.84148,3.15106,2.12521,1.47741,0,0.016338,0.005446,0.016338,0.005446,0.016338,0.005446,0.016338,0.005446
48,24688.5,1.88206,3.27474,2.18374,1.46077,0,0.38429,0.27971,0.24689,0.11612,0.33549,0.23209,0.18351,0.0602,1.84074,3.15081,2.123,1.47644,0,0.016041,0.005347,0.016041,0.005347,0.016041,0.005347,0.016041,0.005347
49,25353.9,1.87973,3.27247,2.17899,1.4574,0,0.38213,0.2804,0.2472,0.11635,0.33585,0.23227,0.18468,0.06054,1.83969,3.14934,2.12094,1.47536,0,0.015744,0.005248,0.015744,0.005248,0.015744,0.005248,0.015744,0.005248
50,26033.9,1.87695,3.26947,2.18034,1.4563,0,0.38323,0.28214,0.24771,0.11671,0.33832,0.23187,0.18502,0.06064,1.83842,3.14837,2.11889,1.47381,0,0.015447,0.005149,0.015447,0.005149,0.015447,0.005149,0.015447,0.005149
51,26708.2,1.87353,3.26894,2.17085,1.45574,0,0.38631,0.28122,0.24833,0.11717,0.33671,0.23286,0.18555,0.06083,1.83689,3.14654,2.11651,1.47291,0,0.01515,0.00505,0.01515,0.00505,0.01515,0.00505,0.01515,0.00505
52,27377.3,1.8736,3.25699,2.16811,1.44882,0,0.3858,0.2806,0.24862,0.11767,0.33938,0.23408,0.18631,0.06111,1.8358,3.14486,2.11443,1.47175,0,0.014853,0.004951,0.014853,0.004951,0.014853,0.004951,0.014853,0.004951
53,28045.2,1.8691,3.25865,2.16198,1.44715,0,0.38497,0.28195,0.24943,0.11803,0.3404,0.23456,0.18691,0.0615,1.83557,3.14323,2.11314,1.47109,0,0.014556,0.004852,0.014556,0.004852,0.014556,0.004852,0.014556,0.004852
54,28730.5,1.86236,3.24813,2.15009,1.44684,0,0.38706,0.28238,0.25,0.11841,0.34087,0.23589,0.18729,0.06156,1.83512,3.14209,2.11181,1.4703,0,0.014259,0.004753,0.014259,0.004753,0.014259,0.004753,0.014259,0.004753
55,29407.7,1.86144,3.25174,2.15407,1.44524,0,0.38541,0.2834,0.25045,0.11887,0.34265,0.23637,0.18813,0.06192,1.83443,3.14064,2.11027,1.46953,0,0.013962,0.004654,0.013962,0.004654,0.013962,0.004654,0.013962,0.004654
56,30073.5,1.8582,3.23644,2.14462,1.44167,0,0.38669,0.28354,0.2512,0.11919,0.34229,0.23596,0.18872,0.06199,1.834,3.13902,2.10858,1.46859,0,0.013665,0.004555,0.013665,0.004555,0.013665,0.004555,0.013665,0.004555
57,30736.1,1.85308,3.24394,2.13943,1.44122,0,0.38672,0.28532,0.25211,0.11962,0.34482,0.23621,0.18905,0.0623,1.83313,3.13758,2.10655,1.46755,0,0.013368,0.004456,0.013368,0.004456,0.013368,0.004456,0.013368,0.004456
58,31410,1.85183,3.23283,2.13106,1.43703,0,0.3904,0.28577,0.25237,0.11995,0.34706,0.23627,0.18931,0.06242,1.83207,3.13634,2.10532,1.46611,0,0.013071,0.004357,0.013071,0.004357,0.013071,0.004357,0.013071,0.004357
59,32084,1.85352,3.2321,2.13235,1.4406,0,0.39046,0.28658,0.25302,0.12058,0.34941,0.23629,0.19048,0.06278,1.83069,3.13476,2.10345,1.46453,0,0.012774,0.004258,0.012774,0.004258,0.012774,0.004258,0.012774,0.004258
60,32752.5,1.84645,3.22432,2.11814,1.43471,0,0.39024,0.28758,0.25365,0.12075,0.35001,0.2381,0.19071,0.06296,1.82948,3.13349,2.10236,1.46326,0,0.012477,0.004159,0.012477,0.004159,0.012477,0.004159,0.012477,0.004159
61,33413.6,1.84465,3.21719,2.1173,1.43025,0,0.39242,0.2872,0.25427,0.12093,0.34982,0.23862,0.19077,0.06299,1.82809,3.13297,2.10055,1.46177,0,0.01218,0.00406,0.01218,0.00406,0.01218,0.00406,0.01218,0.00406
62,34073.5,1.84086,3.21659,2.10935,1.42569,0,0.39335,0.2868,0.2547,0.12139,0.34856,0.2391,0.19137,0.06323,1.82688,3.13124,2.09903,1.46025,0,0.011883,0.003961,0.011883,0.003961,0.011883,0.003961,0.011883,0.003961
63,34749.9,1.84093,3.21255,2.10426,1.42861,0,0.39529,0.28635,0.25533,0.12163,0.34881,0.23886,0.19179,0.06339,1.82611,3.13035,2.09729,1.45907,0,0.011586,0.003862,0.011586,0.003862,0.011586,0.003862,0.011586,0.003862
64,35421.5,1.83245,3.20288,2.09599,1.42475,0,0.39666,0.28607,0.25578,0.12205,0.34997,0.2395,0.19266,0.06377,1.82532,3.12925,2.09537,1.45787,0,0.011289,0.003763,0.011289,0.003763,0.011289,0.003763,0.011289,0.003763
65,36076.1,1.8326,3.20568,2.09444,1.42375,0,0.39589,0.28697,0.25669,0.12235,0.34763,0.24048,0.19298,0.06384,1.82399,3.12803,2.09439,1.4564,0,0.010992,0.003664,0.010992,0.003664,0.010992,0.003664,0.010992,0.003664
66,36742.2,1.83049,3.19623,2.08393,1.42051,0,0.39415,0.28805,0.25703,0.12278,0.34768,0.24227,0.1934,0.0641,1.82295,3.12664,2.09257,1.45494,0,0.010695,0.003565,0.010695,0.003565,0.010695,0.003565,0.010695,0.003565
67,37413.1,1.82487,3.19524,2.08118,1.41719,0,0.39573,0.28826,0.25779,0.1232,0.34785,0.2433,0.19413,0.06449,1.82247,3.12543,2.09081,1.45424,0,0.010398,0.003466,0.010398,0.003466,0.010398,0.003466,0.010398,0.003466
68,38093.7,1.82356,3.18893,2.07751,1.41604,0,0.39563,0.28935,0.25879,0.12366,0.34709,0.24299,0.19487,0.06466,1.82132,3.12454,2.0901,1.45299,0,0.010101,0.003367,0.010101,0.003367,0.010101,0.003367,0.010101,0.003367
69,38755.7,1.81556,3.18062,2.0617,1.4127,0,0.39704,0.28921,0.25931,0.12405,0.34665,0.24323,0.19511,0.06495,1.8203,3.12279,2.08851,1.4518,0,0.009804,0.003268,0.009804,0.003268,0.009804,0.003268,0.009804,0.003268
70,39409.4,1.81819,3.17593,2.06271,1.41188,0,0.39756,0.29067,0.25998,0.12456,0.35032,0.24372,0.19594,0.06526,1.81899,3.12231,2.08766,1.45029,0,0.009507,0.003169,0.009507,0.003169,0.009507,0.003169,0.009507,0.003169
71,40077.9,1.81696,3.1755,2.05887,1.41103,0,0.39955,0.2897,0.26009,0.12508,0.35238,0.24317,0.19647,0.06534,1.81826,3.12155,2.08597,1.44896,0,0.00921,0.00307,0.00921,0.00307,0.00921,0.00307,0.00921,0.00307
72,40752,1.8105,3.1689,2.05267,1.40713,0,0.40073,0.2889,0.26081,0.12528,0.35103,0.2444,0.19707,0.06547,1.81788,3.12024,2.08505,1.44795,0,0.008913,0.002971,0.008913,0.002971,0.008913,0.002971,0.008913,0.002971
73,41416.6,1.80669,3.16454,2.0482,1.40605,0,0.40271,0.28957,0.26168,0.12581,0.35293,0.24445,0.19775,0.06558,1.81702,3.11982,2.0847,1.44709,0,0.008616,0.002872,0.008616,0.002872,0.008616,0.002872,0.008616,0.002872
74,42073.3,1.80437,3.16266,2.03911,1.40174,0,0.40348,0.2912,0.26215,0.12602,0.35293,0.24531,0.1979,0.06581,1.81675,3.11914,2.08358,1.44615,0,0.008319,0.002773,0.008319,0.002773,0.008319,0.002773,0.008319,0.002773
75,42737.3,1.79925,3.15746,2.03043,1.39976,0,0.40586,0.29125,0.26278,0.12633,0.3529,0.24633,0.19853,0.0662,1.8163,3.11823,2.08298,1.44521,0,0.008022,0.002674,0.008022,0.002674,0.008022,0.002674,0.008022,0.002674
76,43416.4,1.79952,3.15199,2.02415,1.39729,0,0.40428,0.29205,0.26322,0.12687,0.35436,0.24556,0.19872,0.06638,1.81577,3.11726,2.08255,1.44453,0,0.007725,0.002575,0.007725,0.002575,0.007725,0.002575,0.007725,0.002575
77,44084.2,1.79602,3.1443,2.01613,1.39243,0,0.4071,0.29154,0.26377,0.12704,0.35386,0.24716,0.19942,0.06645,1.81541,3.11617,2.08205,1.4435,0,0.007428,0.002476,0.007428,0.002476,0.007428,0.002476,0.007428,0.002476
78,44751.6,1.79059,3.13791,2.01245,1.39315,0,0.40549,0.29168,0.2642,0.12727,0.35558,0.24722,0.20032,0.06668,1.81479,3.1152,2.08137,1.44256,0,0.007131,0.002377,0.007131,0.002377,0.007131,0.002377,0.007131,0.002377
79,45418.6,1.78771,3.13493,2.0034,1.38559,0,0.40788,0.29113,0.2647,0.12756,0.35509,0.24652,0.20042,0.06691,1.81448,3.11356,2.08073,1.44155,0,0.006834,0.002278,0.006834,0.002278,0.006834,0.002278,0.006834,0.002278
80,46087.9,1.78727,3.13387,1.99958,1.3847,0,0.40751,0.2918,0.26516,0.12781,0.35671,0.24629,0.20061,0.06706,1.81437,3.11262,2.08023,1.44085,0,0.006537,0.002179,0.006537,0.002179,0.006537,0.002179,0.006537,0.002179
81,46762.9,1.77687,3.12462,1.98722,1.38278,0,0.40963,0.29112,0.26554,0.12831,0.35959,0.24615,0.20177,0.0674,1.81371,3.11124,2.07968,1.44002,0,0.00624,0.00208,0.00624,0.00208,0.00624,0.00208,0.00624,0.00208
82,47432.8,1.77939,3.12316,1.98669,1.38042,0,0.408,0.29221,0.2662,0.12869,0.36037,0.24616,0.20223,0.06776,1.81377,3.11065,2.0788,1.43937,0,0.005943,0.001981,0.005943,0.001981,0.005943,0.001981,0.005943,0.001981
83,48097.1,1.77375,3.11305,1.97569,1.37957,0,0.40824,0.2915,0.2668,0.12912,0.3627,0.24599,0.20317,0.06792,1.81392,3.11001,2.07786,1.43907,0,0.005646,0.001882,0.005646,0.001882,0.005646,0.001882,0.005646,0.001882
84,48766.7,1.76458,3.10922,1.96618,1.37659,0,0.41183,0.29105,0.26717,0.12956,0.36442,0.24621,0.20346,0.06793,1.81339,3.10942,2.07738,1.43822,0,0.005349,0.001783,0.005349,0.001783,0.005349,0.001783,0.005349,0.001783
85,49466.1,1.76096,3.09828,1.95387,1.37011,0,0.41361,0.29092,0.26788,0.12996,0.36487,0.24788,0.20408,0.06809,1.8132,3.10927,2.07693,1.43745,0,0.005052,0.001684,0.005052,0.001684,0.005052,0.001684,0.005052,0.001684
86,50130.1,1.75771,3.09349,1.95468,1.36907,0,0.41304,0.29235,0.26823,0.13034,0.36609,0.24695,0.20429,0.06815,1.813,3.10856,2.07708,1.437,0,0.004755,0.001585,0.004755,0.001585,0.004755,0.001585,0.004755,0.001585
87,50785.7,1.7562,3.08795,1.9434,1.36788,0,0.4139,0.2919,0.26826,0.1307,0.36773,0.2473,0.20517,0.06844,1.8134,3.10785,2.07705,1.43668,0,0.004458,0.001486,0.004458,0.001486,0.004458,0.001486,0.004458,0.001486
88,51456.8,1.75171,3.0897,1.93768,1.36186,0,0.41595,0.29218,0.26893,0.13093,0.36843,0.24695,0.20508,0.06841,1.81331,3.10749,2.07719,1.43605,0,0.004161,0.001387,0.004161,0.001387,0.004161,0.001387,0.004161,0.001387
89,52136.3,1.7496,3.07837,1.93492,1.36157,0,0.41824,0.29213,0.26996,0.13134,0.36881,0.2481,0.20558,0.06861,1.8136,3.10685,2.07696,1.43575,0,0.003864,0.001288,0.003864,0.001288,0.003864,0.001288,0.003864,0.001288
90,52799.8,1.74529,3.07577,1.9267,1.35799,0,0.41659,0.29341,0.26992,0.13158,0.36879,0.24795,0.20532,0.06851,1.81438,3.10653,2.07636,1.43541,0,0.003567,0.001189,0.003567,0.001189,0.003567,0.001189,0.003567,0.001189
91,53538.4,1.75128,2.98873,1.91397,1.39743,0,0.42,0.29256,0.27023,0.13196,0.36917,0.2479,0.20586,0.06857,1.81404,3.1067,2.07609,1.43485,0,0.00327,0.00109,0.00327,0.00109,0.00327,0.00109,0.00327,0.00109
92,54225.6,1.73692,2.96252,1.89059,1.3921,0,0.42164,0.29337,0.27076,0.13258,0.36971,0.24805,0.20637,0.06888,1.81412,3.10718,2.07626,1.43465,0,0.002973,0.000991,0.002973,0.000991,0.002973,0.000991,0.002973,0.000991
93,54924.2,1.72921,2.95673,1.87773,1.38543,0,0.42208,0.29485,0.27108,0.13288,0.37348,0.24753,0.20712,0.06911,1.81402,3.10732,2.07644,1.43434,0,0.002676,0.000892,0.002676,0.000892,0.002676,0.000892,0.002676,0.000892
94,55607.1,1.71796,2.94226,1.85654,1.38085,0,0.42313,0.29462,0.27154,0.13295,0.37571,0.24793,0.2076,0.06911,1.8142,3.10667,2.07651,1.43417,0,0.002379,0.000793,0.002379,0.000793,0.002379,0.000793,0.002379,0.000793
95,56278.4,1.71536,2.9345,1.84705,1.37812,0,0.42419,0.29456,0.27237,0.13332,0.3767,0.248,0.20794,0.06927,1.81456,3.10686,2.07621,1.43408,0,0.002082,0.000694,0.002082,0.000694,0.002082,0.000694,0.002082,0.000694
96,56955,1.70649,2.91767,1.83118,1.37258,0,0.42516,0.2955,0.27289,0.13364,0.37983,0.24682,0.20816,0.06938,1.81537,3.10662,2.07581,1.43436,0,0.001785,0.000595,0.001785,0.000595,0.001785,0.000595,0.001785,0.000595
97,57643.4,1.70414,2.91874,1.82766,1.3723,0,0.42572,0.29581,0.27321,0.13397,0.3797,0.24695,0.20785,0.0695,1.81567,3.10591,2.07513,1.43446,0,0.001488,0.000496,0.001488,0.000496,0.001488,0.000496,0.001488,0.000496
98,58341.2,1.69686,2.90958,1.81074,1.36501,0,0.42841,0.29569,0.27388,0.13414,0.37875,0.24896,0.20867,0.06973,1.81606,3.10627,2.07499,1.43446,0,0.001191,0.000397,0.001191,0.000397,0.001191,0.000397,0.001191,0.000397
99,59022.5,1.69242,2.8997,1.80039,1.36062,0,0.42799,0.29799,0.27484,0.13438,0.38021,0.24723,0.209,0.06984,1.81719,3.10634,2.07384,1.43485,0,0.000894,0.000298,0.000894,0.000298,0.000894,0.000298,0.000894,0.000298
100,59700,1.68627,2.89149,1.79058,1.35787,0,0.42921,0.29839,0.27506,0.13466,0.38103,0.24723,0.20929,0.06994,1.81801,3.10666,2.07261,1.43515,0,0.000597,0.000199,0.000597,0.000199,0.000597,0.000199,0.000597,0.000199
